Ip , 80.71.158.12
Ip , 163.172.157.143
Ip , 134.209.163.248
Ip , 205.185.115.217
Ip , 45.130.229.168
Ip , 45.155.205.233
Ip , 80.71.158.44
Dns , ryedge.io
Dns , 0005f49368dd.bingsearchlib.com
Dns , 000864ffaf5d.bingsearchlib.com
Dns , 009cf07646dc.bingsearchlib.com
Dns , 013982df19dc.bingsearchlib.com
Dns , 01fde8c5eef6.bingsearchlib.com
Dns , 023371450809.bingsearchlib.com
Dns , 024e5d4e29f6.bingsearchlib.com
Dns , 0455cf49e9f0.bingsearchlib.com
Dns , 047f1f300c55.bingsearchlib.com
Dns , 04ab391429fa.bingsearchlib.com
Dns , 04c54d3672bd.bingsearchlib.com
Dns , 05a1253070c9.bingsearchlib.com
Dns , 05c684d21698.bingsearchlib.com
Dns , 0610f474074f.bingsearchlib.com
Dns , 065ce2d58fdd.bingsearchlib.com
Dns , 06d102b95479.bingsearchlib.com
Dns , 07fa356d28c6.bingsearchlib.com
Dns , 092a09045f40.bingsearchlib.com
Dns , 09adfa0a2dac.bingsearchlib.com
Dns , 0a8d2f72ee8e.bingsearchlib.com
Dns , 0b437489cdec.bingsearchlib.com
Dns , 0b713477a743.bingsearchlib.com
Dns , 0baa4f050aed.bingsearchlib.com
Dns , 0bcd9d8258ce.bingsearchlib.com
Dns , 0befe45a1117.bingsearchlib.com
Dns , 0cd8f9b3316f.bingsearchlib.com
Dns , 0ce7fec15358.bingsearchlib.com
Dns , 0d616f24ad97.bingsearchlib.com
Dns , 0d8589188b4c.bingsearchlib.com
Dns , 0d999a4161b7.bingsearchlib.com
Dns , 0e0a66be4e2a.bingsearchlib.com
Dns , 0e3bfd730cad.bingsearchlib.com
Dns , 0f7b09b34039.bingsearchlib.com
Dns , 0fd6d891fea1.bingsearchlib.com
Dns , 1056ba40b158.bingsearchlib.com
Dns , 10580de787ba.bingsearchlib.com
Dns , 10c100254da9.bingsearchlib.com
Dns , 10d70081fca0.bingsearchlib.com
Dns , 1154f765fdc8.bingsearchlib.com
Dns , 1181a9ec5624.bingsearchlib.com
Dns , 119b7332016d.bingsearchlib.com
Dns , 124268d89547.bingsearchlib.com
Dns , 12e31f4d026b.bingsearchlib.com
Dns , 12e3621bf406.bingsearchlib.com
Dns , 12ff8f937c9e.bingsearchlib.com
Dns , 137683b2aa41.bingsearchlib.com
Dns , 13bd75c8f879.bingsearchlib.com
Dns , 13fc220878f7.bingsearchlib.com
Dns , 141d39fab6f8.bingsearchlib.com
Dns , 15df2d977578.bingsearchlib.com
Dns , 1606be04fe34.bingsearchlib.com
Dns , 169745c9aebb.bingsearchlib.com
Dns , 1702e2f8aa8e.bingsearchlib.com
Dns , 1766270cce8d.bingsearchlib.com
Dns , 17db07985c26.bingsearchlib.com
Dns , 181348c85701.bingsearchlib.com
Dns , 184b0e00a853.bingsearchlib.com
Dns , 184dcac8da3c.bingsearchlib.com
Dns , 18643f1cd643.bingsearchlib.com
Dns , 18a5633f1455.bingsearchlib.com
Dns , 19fc6578cbe2.bingsearchlib.com
Dns , 1ab1b9cbdbd6.bingsearchlib.com
Dns , 1aeb1cfef766.bingsearchlib.com
Dns , 1baaa1825889.bingsearchlib.com
Dns , 1c076c450ae4.bingsearchlib.com
Dns , 1c788b4a217b.bingsearchlib.com
Dns , 1c9831159f4d.bingsearchlib.com
Dns , 1cb4ab1f331a.bingsearchlib.com
Dns , 1cd8008627fa.bingsearchlib.com
Dns , 1d01d1cecd7c.bingsearchlib.com
Dns , 1d497d924374.bingsearchlib.com
Dns , 1e50d3412af4.bingsearchlib.com
Dns , 1f0e4d34cb8f.bingsearchlib.com
Dns , 1f8d1c500125.bingsearchlib.com
Dns , 1fd8e7dfffef.bingsearchlib.com
Dns , 200e0216df94.bingsearchlib.com
Dns , 20be518af0b1.bingsearchlib.com
Dns , 21010c91173b.bingsearchlib.com
Dns , 2106e8634be7.bingsearchlib.com
Dns , 2174d47e8d04.bingsearchlib.com
Dns , 224bb1fc26e9.bingsearchlib.com
Dns , 22524e9c8fbb.bingsearchlib.com
Dns , 22e1457310ea.bingsearchlib.com
Dns , 2300703767f7.bingsearchlib.com
Dns , 23161a68213a.bingsearchlib.com
Dns , 2370e1c2d398.bingsearchlib.com
Dns , 2463193f0648.bingsearchlib.com
Dns , 2527ae46a154.bingsearchlib.com
Dns , 252f3b746c54.bingsearchlib.com
Dns , 2567c2c73758.bingsearchlib.com
Dns , 258b23992ec8.bingsearchlib.com
Dns , 25db94c8e8f8.bingsearchlib.com
Dns , 262ade32441e.bingsearchlib.com
Dns , 2672fdd4d9dc.bingsearchlib.com
Dns , 2674bae11493.bingsearchlib.com
Dns , 2695b5cbef34.bingsearchlib.com
Dns , 2725e8525009.bingsearchlib.com
Dns , 2769ffc08aae.bingsearchlib.com
Dns , 27a2a4c5895f.bingsearchlib.com
Dns , 282dcef2c41f.bingsearchlib.com
Dns , 2862853fca0b.bingsearchlib.com
Dns , 28a5c6b97cdb.bingsearchlib.com
Dns , 2996bc1fcd73.bingsearchlib.com
Dns , 29e3059e832c.bingsearchlib.com
Dns , 2a5f20f1d7a2.bingsearchlib.com
Dns , 2aac03639b45.bingsearchlib.com
Dns , 2aeb9a8703d5.bingsearchlib.com
Dns , 2bc3bfcd60fe.bingsearchlib.com
Dns , 2bfed97c2961.bingsearchlib.com
Dns , 2c4314c48c39.bingsearchlib.com
Dns , 2c66efb5fd84.bingsearchlib.com
Dns , 2d7e6fce281c.bingsearchlib.com
Dns , 2d99286c254b.bingsearchlib.com
Dns , 2e27b91e6a4d.bingsearchlib.com
Dns , 2fecf78c35d9.bingsearchlib.com
Dns , 2fff1c940e94.bingsearchlib.com
Dns , 307087f7579a.bingsearchlib.com
Dns , 3107c80c1e2e.bingsearchlib.com
Dns , 31238eb3beff.bingsearchlib.com
Dns , 3133ebceb44d.bingsearchlib.com
Dns , 3258e8677d68.bingsearchlib.com
Dns , 33d280df2b53.bingsearchlib.com
Dns , 342fc8272fb0.bingsearchlib.com
Dns , 346d134fcfbb.bingsearchlib.com
Dns , 34b4742e7dca.bingsearchlib.com
Dns , 34c20860658b.bingsearchlib.com
Dns , 3564a4a65bc8.bingsearchlib.com
Dns , 35e986ba16e9.bingsearchlib.com
Dns , 35ff36e69c90.bingsearchlib.com
Dns , 36e18fd31a0f.bingsearchlib.com
Dns , 377f2cd13353.bingsearchlib.com
Dns , 37fccd21badb.bingsearchlib.com
Dns , 380103eb7aeb.bingsearchlib.com
Dns , 38010d058864.bingsearchlib.com
Dns , 3adfbdeec1fe.bingsearchlib.com
Dns , 3b1e4a8d7eb2.bingsearchlib.com
Dns , 3b3a1479842c.bingsearchlib.com
Dns , 3bef8e467305.bingsearchlib.com
Dns , 3c0499e3d24c.bingsearchlib.com
Dns , 3cbea99275b5.bingsearchlib.com
Dns , 3ce54779494f.bingsearchlib.com
Dns , 3d57b19c7dd3.bingsearchlib.com
Dns , 3e4a2d90c99b.bingsearchlib.com
Dns , 3f7153422cf8.bingsearchlib.com
Dns , 4012579e955f.bingsearchlib.com
Dns , 40565954636b.bingsearchlib.com
Dns , 4059aa7bbc10.bingsearchlib.com
Dns , 4070ed75d85e.bingsearchlib.com
Dns , 40ad2f4bb07e.bingsearchlib.com
Dns , 40b339b6168d.bingsearchlib.com
Dns , 40cef4b0858e.bingsearchlib.com
Dns , 40d43ba64cc4.bingsearchlib.com
Dns , 416b21120a59.bingsearchlib.com
Dns , 424bbd495916.bingsearchlib.com
Dns , 42ba685e49f3.bingsearchlib.com
Dns , 42fe37ef1663.bingsearchlib.com
Dns , 43065f484327.bingsearchlib.com
Dns , 447d3a339473.bingsearchlib.com
Dns , 44cca783ad16.bingsearchlib.com
Dns , 44dd10a4e8e0.bingsearchlib.com
Dns , 45a046dc35a2.bingsearchlib.com
Dns , 45cecd2f38ca.bingsearchlib.com
Dns , 46c5056a2388.bingsearchlib.com
Dns , 46c70a67acd3.bingsearchlib.com
Dns , 46d97df39a02.bingsearchlib.com
Dns , 46fda53f5c6e.bingsearchlib.com
Dns , 4703a44fa444.bingsearchlib.com
Dns , 470ffdd3c533.bingsearchlib.com
Dns , 484aa866cd6c.bingsearchlib.com
Dns , 4862f1f5c2c8.bingsearchlib.com
Dns , 49fc7bf867ef.bingsearchlib.com
Dns , 4c1ece5d0c54.bingsearchlib.com
Dns , 4c3564dc3448.bingsearchlib.com
Dns , 4e35709115ae.bingsearchlib.com
Dns , 4ec05e773350.bingsearchlib.com
Dns , 4ee46526baa2.bingsearchlib.com
Dns , 4ef6f10dd8a2.bingsearchlib.com
Dns , 4f82fd6de455.bingsearchlib.com
Dns , 4f894784b6ef.bingsearchlib.com
Dns , 4fd955429073.bingsearchlib.com
Dns , 5015222e57dc.bingsearchlib.com
Dns , 5047e48e05ee.bingsearchlib.com
Dns , 51118579478f.bingsearchlib.com
Dns , 525b9f8c810a.bingsearchlib.com
Dns , 526cde5a9a9a.bingsearchlib.com
Dns , 528f0838ae11.bingsearchlib.com
Dns , 5366eae72dec.bingsearchlib.com
Dns , 539e7bcf42d5.bingsearchlib.com
Dns , 53b21c570edb.bingsearchlib.com
Dns , 544fe6d9675e.bingsearchlib.com
Dns , 5463610592ef.bingsearchlib.com
Dns , 5486b6edd688.bingsearchlib.com
Dns , 549d5ed68112.bingsearchlib.com
Dns , 54c015aff381.bingsearchlib.com
Dns , 54cfec94a094.bingsearchlib.com
Dns , 550f7e1deaed.bingsearchlib.com
Dns , 55c73f1c7587.bingsearchlib.com
Dns , 567d24d1ac33.bingsearchlib.com
Dns , 56f85f126bde.bingsearchlib.com
Dns , 5799e6d71743.bingsearchlib.com
Dns , 57de040ef070.bingsearchlib.com
Dns , 58b5cbbf8766.bingsearchlib.com
Dns , 58d9c729c8f8.bingsearchlib.com
Dns , 59875dbf88cb.bingsearchlib.com
Dns , 5a2b71f87340.bingsearchlib.com
Dns , 5a5091fe2ddf.bingsearchlib.com
Dns , 5a8acd64bd7b.bingsearchlib.com
Dns , 5aca068f8837.bingsearchlib.com
Dns , 5b34dfe20522.bingsearchlib.com
Dns , 5b36e3e5d52c.bingsearchlib.com
Dns , 5c8b1ac7e720.bingsearchlib.com
Dns , 5d5ab3833759.bingsearchlib.com
Dns , 5dc0a7c0c28f.bingsearchlib.com
Dns , 5e77b87827b3.bingsearchlib.com
Dns , 5e7baaf46dc0.bingsearchlib.com
Dns , 5ea60116d80e.bingsearchlib.com
Dns , 5edab55c1054.bingsearchlib.com
Dns , 5fa620cc5e56.bingsearchlib.com
Dns , 60292d90d1b2.bingsearchlib.com
Dns , 6035a310c241.bingsearchlib.com
Dns , 608ac2d94757.bingsearchlib.com
Dns , 60ec26e4b948.bingsearchlib.com
Dns , 612877d3a59b.bingsearchlib.com
Dns , 61289367b2a1.bingsearchlib.com
Dns , 6143bdb7e926.bingsearchlib.com
Dns , 6158f89dd8de.bingsearchlib.com
Dns , 61af907c9c16.bingsearchlib.com
Dns , 6247f54cc093.bingsearchlib.com
Dns , 626b5d44765f.bingsearchlib.com
Dns , 633b4627b3d0.bingsearchlib.com
Dns , 63a4925ae323.bingsearchlib.com
Dns , 63e16b3f6f15.bingsearchlib.com
Dns , 64018b38d1bd.bingsearchlib.com
Dns , 640ce558d2f7.bingsearchlib.com
Dns , 646feaf14808.bingsearchlib.com
Dns , 647c6fdbe0ce.bingsearchlib.com
Dns , 649cc4144d86.bingsearchlib.com
Dns , 64a0e6a432fb.bingsearchlib.com
Dns , 64fbee7e40f0.bingsearchlib.com
Dns , 650806a900e4.bingsearchlib.com
Dns , 652b376d5234.bingsearchlib.com
Dns , 6622a5adc159.bingsearchlib.com
Dns , 6773d21e7f76.bingsearchlib.com
Dns , 67f36c9935fa.bingsearchlib.com
Dns , 688f1d892ac3.bingsearchlib.com
Dns , 690f3230afae.bingsearchlib.com
Dns , 6c73ac5805a6.bingsearchlib.com
Dns , 6cb8a5e9af80.bingsearchlib.com
Dns , 6de5edddb4c2.bingsearchlib.com
Dns , 6e5b1dd3f566.bingsearchlib.com
Dns , 6f22b0f41706.bingsearchlib.com
Dns , 6f6aed93cd2f.bingsearchlib.com
Dns , 6fdf46ec3488.bingsearchlib.com
Dns , 708d779bcf77.bingsearchlib.com
Dns , 70aa6f2a62f7.bingsearchlib.com
Dns , 70c335a0d813.bingsearchlib.com
Dns , 713cf0ac1632.bingsearchlib.com
Dns , 71b4d4928c65.bingsearchlib.com
Dns , 72dcfc1dddc0.bingsearchlib.com
Dns , 7312f601ecba.bingsearchlib.com
Dns , 736ee1e7b59c.bingsearchlib.com
Dns , 73849ef688ba.bingsearchlib.com
Dns , 73aa4d043a06.bingsearchlib.com
Dns , 749e532b8f77.bingsearchlib.com
Dns , 74ab269aefd0.bingsearchlib.com
Dns , 753741cf5e16.bingsearchlib.com
Dns , 753802a2fd2a.bingsearchlib.com
Dns , 756c9905a560.bingsearchlib.com
Dns , 75e94c926b75.bingsearchlib.com
Dns , 7648be5f96b7.bingsearchlib.com
Dns , 765da23c8c3e.bingsearchlib.com
Dns , 76d4d5c312ce.bingsearchlib.com
Dns , 772c06b5ef9c.bingsearchlib.com
Dns , 785780daf45b.bingsearchlib.com
Dns , 785eb896dd6b.bingsearchlib.com
Dns , 78f079ee26bc.bingsearchlib.com
Dns , 7971f7b4eb13.bingsearchlib.com
Dns , 79d3c6a58488.bingsearchlib.com
Dns , 79f971315e86.bingsearchlib.com
Dns , 7ae364cd167c.bingsearchlib.com
Dns , 7afe7e681d5e.bingsearchlib.com
Dns , 7b28da85d1fc.bingsearchlib.com
Dns , 7bb715d20c2e.bingsearchlib.com
Dns , 7c1488d8d063.bingsearchlib.com
Dns , 7c35180b275f.bingsearchlib.com
Dns , 7c3bdfa7e63d.bingsearchlib.com
Dns , 7c5bc4d457d1.bingsearchlib.com
Dns , 7cc8976f0f63.bingsearchlib.com
Dns , 7ce81d8d105c.bingsearchlib.com
Dns , 7d8f7f6b4d13.bingsearchlib.com
Dns , 7d90568d1cd1.bingsearchlib.com
Dns , 7ddeb490146f.bingsearchlib.com
Dns , 7e9eb2615c8e.bingsearchlib.com
Dns , 8078d8030779.bingsearchlib.com
Dns , 8080d826c0b5.bingsearchlib.com
Dns , 80b53c62a6f4.bingsearchlib.com
Dns , 813264da9150.bingsearchlib.com
Dns , 813ac90966bc.bingsearchlib.com
Dns , 814cbd9db83a.bingsearchlib.com
Dns , 818231ed351f.bingsearchlib.com
Dns , 81f487a10cb5.bingsearchlib.com
Dns , 824e2d2c2e86.bingsearchlib.com
Dns , 8280bbd9fc75.bingsearchlib.com
Dns , 8282e3b45423.bingsearchlib.com
Dns , 82a18741e589.bingsearchlib.com
Dns , 82afeb3d0b11.bingsearchlib.com
Dns , 831f70006f81.bingsearchlib.com
Dns , 842c8a9493e8.bingsearchlib.com
Dns , 849a606b15ce.bingsearchlib.com
Dns , 84af80632822.bingsearchlib.com
Dns , 852a92bab238.bingsearchlib.com
Dns , 852fc4e007a5.bingsearchlib.com
Dns , 85d98f279708.bingsearchlib.com
Dns , 8637e64b7fda.bingsearchlib.com
Dns , 865e410a2ff4.bingsearchlib.com
Dns , 8674fcff449f.bingsearchlib.com
Dns , 86dbc792b7d4.bingsearchlib.com
Dns , 86dd04a76591.bingsearchlib.com
Dns , 876c3c85c4f2.bingsearchlib.com
Dns , 88875217d50a.bingsearchlib.com
Dns , 88c40a34cf52.bingsearchlib.com
Dns , 89108dc06d90.bingsearchlib.com
Dns , 89f502dbc7e4.bingsearchlib.com
Dns , 8a796f7b4e31.bingsearchlib.com
Dns , 8b51f03a2236.bingsearchlib.com
Dns , 8b5e31cb04bf.bingsearchlib.com
Dns , 8bf085ae1724.bingsearchlib.com
Dns , 8c738a19abc9.bingsearchlib.com
Dns , 8c92e83cd554.bingsearchlib.com
Dns , 8caa3e3ea145.bingsearchlib.com
Dns , 8cc8e9021b91.bingsearchlib.com
Dns , 8d01ae8527fe.bingsearchlib.com
Dns , 8dbe05af2628.bingsearchlib.com
Dns , 8e1dab694af9.bingsearchlib.com
Dns , 8e37da3fcdba.bingsearchlib.com
Dns , 8ea121865922.bingsearchlib.com
Dns , 8fa951c85ea3.bingsearchlib.com
Dns , 8ff4814c2663.bingsearchlib.com
Dns , 9040b8e6bea8.bingsearchlib.com
Dns , 90a6fd44cd31.bingsearchlib.com
Dns , 90f0268c6d14.bingsearchlib.com
Dns , 910eef74df8d.bingsearchlib.com
Dns , 91124b924166.bingsearchlib.com
Dns , 918d9838c5ca.bingsearchlib.com
Dns , 91c5e4e1df27.bingsearchlib.com
Dns , 91e9e655197f.bingsearchlib.com
Dns , 91fd9fef8958.bingsearchlib.com
Dns , 9204dad80d70.bingsearchlib.com
Dns , 923bc36ca25a.bingsearchlib.com
Dns , 92d27039ede4.bingsearchlib.com
Dns , 92ea661f16f1.bingsearchlib.com
Dns , 92ecd843db39.bingsearchlib.com
Dns , 93492d02dea7.bingsearchlib.com
Dns , 93a667c2ebdb.bingsearchlib.com
Dns , 944a579d076d.bingsearchlib.com
Dns , 94b53a59053e.bingsearchlib.com
Dns , 94bb3af838fe.bingsearchlib.com
Dns , 953c9128d9db.bingsearchlib.com
Dns , 9557bfb90ac9.bingsearchlib.com
Dns , 96ed3f29b314.bingsearchlib.com
Dns , 97b23f4fdbbe.bingsearchlib.com
Dns , 981f71a4f379.bingsearchlib.com
Dns , 9861999f449d.bingsearchlib.com
Dns , 988ec3323ba3.bingsearchlib.com
Dns , 99f13e6c9bb8.bingsearchlib.com
Dns , 9a9140eedd32.bingsearchlib.com
Dns , 9acbd5edcd5d.bingsearchlib.com
Dns , 9b028f49472a.bingsearchlib.com
Dns , 9b8c025d4781.bingsearchlib.com
Dns , 9bb982fc98e1.bingsearchlib.com
Dns , 9bd311ec63e8.bingsearchlib.com
Dns , 9bf318db60de.bingsearchlib.com
Dns , 9ca55bea831f.bingsearchlib.com
Dns , 9cb05af297a8.bingsearchlib.com
Dns , 9cb6e389bc8c.bingsearchlib.com
Dns , 9d05cb25d106.bingsearchlib.com
Dns , 9fd5a935e06a.bingsearchlib.com
Dns , a0294c819682.bingsearchlib.com
Dns , a087aca06e38.bingsearchlib.com
Dns , a0e2d4daf724.bingsearchlib.com
Dns , a2e9fb2e3c4c.bingsearchlib.com
Dns , a33f41daca17.bingsearchlib.com
Dns , a372a16e46fb.bingsearchlib.com
Dns , a4079b92cf3d.bingsearchlib.com
Dns , a40d65b21b7f.bingsearchlib.com
Dns , a42ae47f133b.bingsearchlib.com
Dns , a4fe382ce6c0.bingsearchlib.com
Dns , a58bc1fc518a.bingsearchlib.com
Dns , a60bb4d20c87.bingsearchlib.com
Dns , a615cbc5751b.bingsearchlib.com
Dns , a6787b91ea1d.bingsearchlib.com
Dns , a6ce76c92e75.bingsearchlib.com
Dns , a74d01648bea.bingsearchlib.com
Dns , a790ae788e85.bingsearchlib.com
Dns , a7aa8415ab06.bingsearchlib.com
Dns , a7afcbe99288.bingsearchlib.com
Dns , a7da02d6ee87.bingsearchlib.com
Dns , a8fvkc.dnslog.cn
Dns , a94d5e4b2e81.bingsearchlib.com
Dns , a959fb023358.bingsearchlib.com
Dns , a991dc848d76.bingsearchlib.com
Dns , aa6ac7a969a6.bingsearchlib.com
Dns , aa71578ac9d9.bingsearchlib.com
Dns , aa93bc03591f.bingsearchlib.com
Dns , aa9a6b64c58a.bingsearchlib.com
Dns , ab3419ba1f45.bingsearchlib.com
Dns , aba268c66dd3.bingsearchlib.com
Dns , abee06540bfe.bingsearchlib.com
Dns , ac47c63d0c2c.bingsearchlib.com
Dns , ac8e3c1c398d.bingsearchlib.com
Dns , ad578d23bdad.bingsearchlib.com
Dns , adac95b08630.bingsearchlib.com
Dns , b095b212c8be.bingsearchlib.com
Dns , b0f54bc8915e.bingsearchlib.com
Dns , b109fb0c0221.bingsearchlib.com
Dns , b17e2c7e5615.bingsearchlib.com
Dns , b1b0ca712547.bingsearchlib.com
Dns , b35c5c4ae2f8.bingsearchlib.com
Dns , b439b2d4f669.bingsearchlib.com
Dns , b445454d1b03.bingsearchlib.com
Dns , b474ca3de9b9.bingsearchlib.com
Dns , b4c8daa63330.bingsearchlib.com
Dns , b6415f73214e.bingsearchlib.com
Dns , b6693b4d379f.bingsearchlib.com
Dns , b6b34cfd1b59.bingsearchlib.com
Dns , b74dd0e311be.bingsearchlib.com
Dns , b7c33d74c2f2.bingsearchlib.com
Dns , b7ff69c2e4a3.bingsearchlib.com
Dns , b80ce7e4d6cb.bingsearchlib.com
Dns , b91ae2bcd6b0.bingsearchlib.com
Dns , b952205e8281.bingsearchlib.com
Dns , ba632748f7e2.bingsearchlib.com
Dns , badacc6a9ea6.bingsearchlib.com
Dns , baf9ff187410.bingsearchlib.com
Dns , bb6f692aae16.bingsearchlib.com
Dns , bbbd86e55b18.bingsearchlib.com
Dns , bbca193b9665.bingsearchlib.com
Dns , bc3b328b071a.bingsearchlib.com
Dns , bc45400240ee.bingsearchlib.com
Dns , bc4fc2011730.bingsearchlib.com
Dns , bc73ab56138e.bingsearchlib.com
Dns , bd417b6b753c.bingsearchlib.com
Dns , bdafa222d03e.bingsearchlib.com
Dns , bea48214e715.bingsearchlib.com
Dns , beb027d50fec.bingsearchlib.com
Dns , bf794a077196.bingsearchlib.com
Dns , c0d5679b49ba.bingsearchlib.com
Dns , c1661513c406.bingsearchlib.com
Dns , c17dff990109.bingsearchlib.com
Dns , c17f75217c47.bingsearchlib.com
Dns , c1c7715fd6c6.bingsearchlib.com
Dns , c1d72cecaa3d.bingsearchlib.com
Dns , c1e7bb4db028.bingsearchlib.com
Dns , c2b5c149509a.bingsearchlib.com
Dns , c34a8ab39d0e.bingsearchlib.com
Dns , c4620ef01482.bingsearchlib.com
Dns , c4910c24eedb.bingsearchlib.com
Dns , c4c3b070ea37.bingsearchlib.com
Dns , c4c5a34bab9d.bingsearchlib.com
Dns , c56d4b328f98.bingsearchlib.com
Dns , c5921cee5a6b.bingsearchlib.com
Dns , c5eb13fe41b6.bingsearchlib.com
Dns , c5eca394e493.bingsearchlib.com
Dns , c70aa274ff77.bingsearchlib.com
Dns , c79f0d1aa0ab.bingsearchlib.com
Dns , c84d90bce5b0.bingsearchlib.com
Dns , c87486ee5ca5.bingsearchlib.com
Dns , c87678766adb.bingsearchlib.com
Dns , c9203f04fd17.bingsearchlib.com
Dns , c961c04db902.bingsearchlib.com
Dns , cac58d0dec7f.bingsearchlib.com
Dns , cae2a7d6dd75.bingsearchlib.com
Dns , cae8316bd429.bingsearchlib.com
Dns , cb322b88c2ea.bingsearchlib.com
Dns , cb734220a05d.bingsearchlib.com
Dns , cbac4cbd9ab7.bingsearchlib.com
Dns , cbaf125bfe27.bingsearchlib.com
Dns , cc5771ce6578.bingsearchlib.com
Dns , cc6aed8dbb2d.bingsearchlib.com
Dns , cd95ae17deba.bingsearchlib.com
Dns , cdcb81168792.bingsearchlib.com
Dns , cf33bef6c22a.bingsearchlib.com
Dns , cfd644602c8c.bingsearchlib.com
Dns , cfda08bc9cf9.bingsearchlib.com
Dns , cff1fbafb9a9.bingsearchlib.com
Dns , d01e6ec48be7.bingsearchlib.com
Dns , d12436900580.bingsearchlib.com
Dns , d15d803489af.bingsearchlib.com
Dns , d1a520c1f2bb.bingsearchlib.com
Dns , d22485f86152.bingsearchlib.com
Dns , d2670da6a5c1.bingsearchlib.com
Dns , d2916aba9dbc.bingsearchlib.com
Dns , d331a3b8142b.bingsearchlib.com
Dns , d3d7235315b1.bingsearchlib.com
Dns , d43dacc11c26.bingsearchlib.com
Dns , d45df72dd345.bingsearchlib.com
Dns , d489b4ab35e4.bingsearchlib.com
Dns , d4f22825f860.bingsearchlib.com
Dns , d549b5ea402a.bingsearchlib.com
Dns , d5c3417d328d.bingsearchlib.com
Dns , d5e1b4f370cd.bingsearchlib.com
Dns , d603a049a258.bingsearchlib.com
Dns , d62267ee8842.bingsearchlib.com
Dns , d65075490d2e.bingsearchlib.com
Dns , d72fe3e1e907.bingsearchlib.com
Dns , d80db2c7a5e8.bingsearchlib.com
Dns , d820c35bb084.bingsearchlib.com
Dns , d85c2be6bfca.bingsearchlib.com
Dns , d8e9f17cf7bc.bingsearchlib.com
Dns , d9deb806b682.bingsearchlib.com
Dns , d9e62191c871.bingsearchlib.com
Dns , da28f3f294f3.bingsearchlib.com
Dns , da49b3c34612.bingsearchlib.com
Dns , da6d408517b9.bingsearchlib.com
Dns , da84236b9b85.bingsearchlib.com
Dns , daaa3bc9c998.bingsearchlib.com
Dns , dacf636c2540.bingsearchlib.com
Dns , dc05762b0bc2.bingsearchlib.com
Dns , dcff09bd4870.bingsearchlib.com
Dns , dedb05132e0d.bingsearchlib.com
Dns , df0cfd6d42bb.bingsearchlib.com
Dns , df13796cad52.bingsearchlib.com
Dns , df40a853a732.bingsearchlib.com
Dns , dfc35a10d2b6.bingsearchlib.com
Dns , e029c77bacaa.bingsearchlib.com
Dns , e08499cffcd8.bingsearchlib.com
Dns , e0913172e948.bingsearchlib.com
Dns , e1c6194c0760.bingsearchlib.com
Dns , e2216d7a9a31.bingsearchlib.com
Dns , e24fb529157b.bingsearchlib.com
Dns , e2a70b2215fb.bingsearchlib.com
Dns , e2bcafb6432f.bingsearchlib.com
Dns , e2d8b3228caa.bingsearchlib.com
Dns , e48e744f3efb.bingsearchlib.com
Dns , e4f4e08da112.bingsearchlib.com
Dns , e50073c99a13.bingsearchlib.com
Dns , e51f2de2cd97.bingsearchlib.com
Dns , e533b9b7724f.bingsearchlib.com
Dns , e57e49354da1.bingsearchlib.com
Dns , e596450a47c3.bingsearchlib.com
Dns , e61dc3582572.bingsearchlib.com
Dns , e6d22cf0fc95.bingsearchlib.com
Dns , e6e7c03c998d.bingsearchlib.com
Dns , e712032fdde0.bingsearchlib.com
Dns , e7929a62326d.bingsearchlib.com
Dns , e792baef53c1.bingsearchlib.com
Dns , e7c98360374e.bingsearchlib.com
Dns , e834bd054f84.bingsearchlib.com
Dns , e892954b55d5.bingsearchlib.com
Dns , e8dbd06447c4.bingsearchlib.com
Dns , e96c2031474b.bingsearchlib.com
Dns , e9b0342d054b.bingsearchlib.com
Dns , e9d56ea4f086.bingsearchlib.com
Dns , ea3126d1be64.bingsearchlib.com
Dns , ea62856c5fc3.bingsearchlib.com
Dns , ea89fd7b0fe8.bingsearchlib.com
Dns , eb1b0fc46d80.bingsearchlib.com
Dns , eb90e696775b.bingsearchlib.com
Dns , eca6e1900645.bingsearchlib.com
Dns , eda7c886f204.bingsearchlib.com
Dns , ee336ffd7dc9.bingsearchlib.com
Dns , ee79e5151db6.bingsearchlib.com
Dns , eef062010f17.bingsearchlib.com
Dns , eefd52543f2b.bingsearchlib.com
Dns , ef144e2d943b.bingsearchlib.com
Dns , ef8908f80ff4.bingsearchlib.com
Dns , efd672a31f1d.bingsearchlib.com
Dns , efec676fa96c.bingsearchlib.com
Dns , f02536645a47.bingsearchlib.com
Dns , f059b8f500b8.bingsearchlib.com
Dns , f09fc1554c75.bingsearchlib.com
Dns , f11b4f9fe04a.bingsearchlib.com
Dns , f19d3d3b600a.bingsearchlib.com
Dns , f1a7f7f25a5c.bingsearchlib.com
Dns , f1d26c045e5d.bingsearchlib.com
Dns , f1fab64ed271.bingsearchlib.com
Dns , f204218fc1d8.bingsearchlib.com
Dns , f288dba3b7a9.bingsearchlib.com
Dns , f2a8abaf2ddb.bingsearchlib.com
Dns , f346e3e0baec.bingsearchlib.com
Dns , f4cf2a9b7dba.bingsearchlib.com
Dns , f4d5efdda59f.bingsearchlib.com
Dns , f6634b129f94.bingsearchlib.com
Dns , f684b7afd994.bingsearchlib.com
Dns , f6a237f9f9c0.bingsearchlib.com
Dns , f73fb894272e.bingsearchlib.com
Dns , f7596746de16.bingsearchlib.com
Dns , f798f74fd21a.bingsearchlib.com
Dns , f7d2c7f26217.bingsearchlib.com
Dns , f7e725286953.bingsearchlib.com
Dns , f878570be49d.bingsearchlib.com
Dns , f89cbcc37a7f.bingsearchlib.com
Dns , f986210d157a.bingsearchlib.com
Dns , f9b543851f1b.bingsearchlib.com
Dns , f9bb4b008bf6.bingsearchlib.com
Dns , f9c61db13513.bingsearchlib.com
Dns , fa1dd1a841bf.bingsearchlib.com
Dns , faea7437a673.bingsearchlib.com
Dns , fb49bb32caca.bingsearchlib.com
Dns , fb8e0ff6704c.bingsearchlib.com
Dns , fbc8a1502970.bingsearchlib.com
Dns , fbcec65f688f.bingsearchlib.com
Dns , fbeed47e4434.bingsearchlib.com
Dns , fc143e8b8721.bingsearchlib.com
Dns , fc7d972ac028.bingsearchlib.com
Dns , fc9a1761f644.bingsearchlib.com
Dns , fe8146cdcf9d.bingsearchlib.com
Dns , fe90ce6844a7.bingsearchlib.com
Dns , fee3c5eb7fab.bingsearchlib.com
Dns , ff200990c7ee.bingsearchlib.com
Dns , ff3de8f7cd0d.bingsearchlib.com
Dns , ff581b12b197.bingsearchlib.com
Dns , ff922cf113dd.bingsearchlib.com
Dns , friendly-test.cf0bc11b0af516d14673b91478300c4c9e01a08b.dns.cyberwar.nl
Dns , http443useragent.kryptoslogic-cve-2021-44228.com
Dns , x.x.x.x.c6pnncggjk7jk873c9e0cg3zzcoyyyyyn.interactsh.com
Dns , x.x.x.x.interactsh.com
